0,4.939321535345923,0.7151893663724195,False
1,7.721510558604811,0.8472517387841254,False
2,5.813047017599905,0.4375872112626925,True
3,0.5104167958569886,0.2726562945801132,False
4,7.125525342743981,0.5288949197529045,True
5,3.5350631649074673,0.8360787635373775,True
6,0.7841636973138664,0.02021839744032572,False
7,8.614396430577417,0.14035078041264515,True
8,8.807565080094877,0.7991585642167236,False
9,4.684297315960843,0.6788795301189603,False
10,5.7592891919477145,0.1433532874090464,False
11,6.827540618901215,0.10590760718779213,False
12,2.381000508941643,0.7742336894342167,False
13,1.9489531898193468,0.13521817340545206,True
14,5.558719473682894,0.6120957227224214,True
15,3.4784008301327574,0.9025984755294046,True
16,3.235571105164074,0.43703195379934145,False
17,0.8935231532307648,0.9698090677467488,True
18,6.035740826563435,0.2103825610738409,False
19,6.756175270966106,0.6078306687154678,True
20,5.131770933760917,0.43860151346232035,True
21,8.630543417620682,0.6527903170054908,True
22,1.4517856609649664,0.6531083254653984,True
23,3.729317294037319,0.4746975022884129,True
24,1.4307262528096776,0.11037514116430513,False
25,2.8548156786236647,0.778345482025909,False
26,3.318526535948677,0.8209932298479351,True
27,5.605614859920025,0.6736596308357894,True
28,8.788135185120561,0.4686512016477016,False
29,0.5014322433144568,0.4511592145209281,False
30,0.3526901302888861,0.2828069625764096,True
31,3.2350001757238935,0.4808935308361628,False
32,2.861848614545784,0.41426299451466997,False
33,1.9513992386478858,0.5651888666048753,True
34,2.3885054184550087,0.5232480534666997,False
35,8.290418492134798,0.08311249263060239,True
36,2.867120572061913,0.6674103799636817,False
37,5.824567261687999,0.8413861191973544,True
38,1.6487222580640515,0.5865129348100832,True
39,1.4844641421769573,0.36980809274834003,True
40,6.100348831166071,0.27000797319216485,True
41,2.596287933436758,0.43328806198204406,True
42,5.185416009760532,0.592041931271839,True
43,5.750289686081816,0.8915544372256771,False
44,4.0241284075586465,0.8464086724711278,False
45,1.0458171865115498,0.7670237035587267,False
46,3.5685516676228617,0.8811031971111616,True
47,2.8189649875135583,0.965416220519927,True
48,6.527288518376765,0.5013243819267023,False
49,2.0747972115569686,0.39486929345022914,True
50,5.457538927151319,0.019193198309333526,False
51,6.444670781057789,0.2879910043632805,True
52,5.562138860989574,0.42876870094576613,True
53,0.9257702282409439,0.0923738894608982,False
54,5.317854851233559,0.5743252488495788,True
55,8.720655887342463,0.3209972413734975,True
56,8.068919362659567,0.36756187004789653,True
57,8.856380172277317,0.2603409275874047,False
58,6.334997251863297,0.10022688731230112,True
59,3.170804950804797,0.46924917399024213,False
60,1.3450347419219437,0.8681260573682142,True
61,4.574839037210018,0.16684751304849965,False
62,7.6320740639001095,0.8073189587250107,False
63,1.2597532694388152,0.03322238526617727,False
64,6.276858958301073,0.45354268267806885,True
65,0.45529303548813493,0.36549610626341034,False
66,7.702230081533499,0.011714084185001972,False
67,8.497111674919092,0.7499992487701004,True
68,4.689329455837163,0.05433798833925363,True
69,1.6154123482607012,0.17098659868313149,True
70,2.015322192543421,0.3453516806969027,True
71,5.474275792686116,0.5966554062950531,False
72,1.4822474084812147,0.6214784014997635,True
73,6.291882672466601,0.9923963988886326,False
74,5.525693603693064,0.5356328030249583,True
75,6.757598210655884,0.9644897677894309,False
76,3.583989559944827,0.20984374897512215,False
77,1.9687443636309465,0.569573534574738,False
78,4.414129277558104,0.22741462797332324,False
79,0.7676600927283052,0.056418332713966235,False
80,2.8061629379469233,0.6963434888154595,False
81,5.558921244862922,0.5424987750103974,True
82,0.6052466831692372,0.6793927734985673,True
83,6.0937341662437685,0.6070450611164516,False
84,8.91305052657034,0.21689698439847394,False
85,8.157762783541541,0.1372204200971946,True
86,6.825407884525273,0.32001715082246784,True
87,5.812061386517093,0.32468297206646535,True
88,5.660836592320338,0.8726506554473953,False
89,3.8290638415695835,0.8853376596095855,True
90,8.575124912747501,0.6874882763878153,True
91,7.098654847788328,0.22944183447104538,True
92,2.2854747833552325,0.21331197736748198,True
93,4.24576413803521,0.7115838170608139,False
94,3.8221692187635563,0.37416998033422555,True
95,1.9339266307552037,0.1864582194893385,False
96,7.774700453309083,0.11753185596203308,True
97,2.492043757353819,0.17490887430950752,False
98,3.564537325265644,0.565421311858509,False
99,1.8437918596240115,0.1649588680867573,True
100,3.2005146406496006,0.940431945252813,True
101,6.722948161795531,0.09259616511851354,True
102,0.750801918978167,0.5521924699224066,True
103,0.41053173435797785,0.20915702948084114,False
104,2.1674590192390215,0.10029394226549782,False
105,5.000843184931306,0.009240073486540767,False
106,7.06637620820824,0.2817301057539491,True
107,1.6346808044284384,0.5123934632959037,False
108,8.797456257700022,0.8765052453165908,False
109,1.965625693307305,0.4551688151933373,True
110,8.543869401741134,0.9413777047064986,True
111,4.375436042800779,0.708548150020003,True
112,2.6371825605701704,0.8489435553129182,False
113,6.959934086495129,0.9742586638572328,False
114,1.3332677485334852,0.9818293898182532,True
115,6.782126460049467,0.004048106368426341,True
116,3.3172614551665576,0.13690027168559893,False
117,2.6805763669955067,0.40113234155862765,True
118,2.0188532607726533,0.09784448449403405,True
119,5.122896840842629,0.3436055031480987,False
120,8.15899949299061,0.7740473326986388,False
121,3.595490192844812,0.30183087592751656,True
122,2.0901072795384845,0.13248763475798297,True
123,8.575836051481584,0.013948395933415347,False
124,6.935226736524986,0.14694664540037505,True
125,2.2556044817449687,0.6774118294719442,True
126,2.208304888675603,0.42053946668009845,True
127,7.466420231349471,0.37903377210381817,True
128,2.4329511471484317,0.1314827992911276,True
129,4.288294804948476,0.4879345689871769,False
130,4.105265101204317,0.6832813355476804,True
131,7.673714314041059,0.43343897446935586,False
132,1.6303586556321275,0.7885455123065187,True
133,5.940358760006541,0.20659460707526944,True
134,6.996668056638779,0.25942256434535493,False
135,0.6287311560541147,0.009688170796795847,True
136,3.3376751929609982,0.19705428018563964,True
137,8.32647083253794,0.7151787489637426,False
138,0.6926080228796946,0.518835148831526,False
139,4.395690539463509,0.4145674851494531,True
140,5.810132200104035,0.03536243575549092,True
141,5.007864844725665,0.15986708206070577,False
142,6.132532595434541,0.2775960977317661,True
143,2.9311628977513386,0.14701389488880123,True
144,1.6841780257576027,0.903983954928237,True
145,0.8303415336623992,0.9105447223934636,True
146,4.127435655917273,0.7241676366115433,True
147,0.8411351079970562,0.4263058803232388,True
148,6.29659848825465,0.3277204015571189,True
149,0.24362086299471097,0.7313973399998267,True
150,1.4448494023673077,0.7963914745173317,False
151,2.095789239728819,0.5034274279399525,True
152,7.719503797741991,0.45722345335385706,False
153,5.595106416804794,0.86302261666035,False
154,8.179593465714646,0.8155238187685688,False
155,0.8501212273544508,0.6336078897001911,False
156,0.5644165682101113,0.42403225188984195,True
157,6.549267088184839,0.7422379779316829,True
158,8.630844496771262,0.3553688484719296,True
159,3.525968873105619,0.5318491770716929,True
160,3.6113355072324786,0.9292914173027139,True
161,5.482598234025492,0.09847800336397083,False
162,4.087461572167966,0.32670088176826007,True
163,2.134559642748403,0.8395129668196633,True
164,0.14045458002145395,0.42879572249823783,False
165,4.901317896451569,0.03246529565126377,True
166,2.2787207435056676,0.13105523121525775,False
167,4.419222668106545,0.9816396804040689,True
168,8.768305915362452,0.9903450015608939,False
169,2.7906087597205476,0.8315193998721372,False
170,4.412748118938635,0.9894097772844315,True
171,2.8147796619617185,0.8018361500531322,True
172,2.172767580689166,0.662504571532676,False
173,5.705378606861323,0.9268790894546248,False
174,3.816800895922644,0.554687808661419,False
175,7.403035062247308,0.7382265807305043,False
176,3.2449100443730305,0.8286569145557378,False
177,3.5778014243697056,0.738682659213446,True
178,3.136674325433069,0.8149664793702474,True
179,3.4358382651265362,0.6971416168283547,False
180,2.669006385576269,0.9920112434144741,True
181,2.0543724891033417,0.4895093288343594,False
182,2.1007822992128666,0.6897682650777505,True
183,8.250543173971638,0.11381664038986117,False
184,2.4519320591936626,0.37905689607742854,False
185,2.91964377268474,0.6801155376270952,False
186,1.546677891428787,0.4492916486877381,True
187,7.973660421019062,0.35187056092725555,True
188,4.521505117403353,0.9425835996979304,False
189,4.936671866518293,0.519642829449547,False
190,6.756883756977167,0.6995750602247514,False
191,1.186668343466573,0.7079174626754349,True
192,0.6378280036578753,0.29279403144051885,True
193,4.027642836849223,0.6960771689660051,True
194,5.437060236187938,0.3828080591578541,True
195,0.6519100271921757,0.019300606451071012,True
196,2.4734121288083695,0.5922304187618368,True
197,1.9397593040809036,0.5799123983985056,False
198,2.4448749084553127,0.455444149450027,True
199,0.22947614070565348,0.8880437054177104,True
200,2.793427433818303,0.37303486388074747,True
201,0.23870297339078161,0.6256366173439284,False
202,8.317428899586872,0.8623185468359024,True
203,8.113346876820792,0.32993565087121357,False
204,0.9416509986822668,0.3484759890334971,True
205,3.481444382105993,0.530088935959223,False
206,6.39475562450111,0.20492368695970176,False
207,5.751246460424231,0.548361337775251,False
208,4.893102484452857,0.2826996509455366,False
209,5.7155111908393454,0.2996434942475267,True
210,3.3541116283889596,0.5305372145627818,False
211,3.250363653938851,0.5027095407690281,False
212,0.21881879739141996,0.3426109843415903,False
213,0.07660431050964744,0.9688640997540201,True
214,1.0413290999438427,0.5771402440203418,True
215,4.851661920902239,0.7241478484039084,True
216,0.024328925041524285,0.647196653894036,True
217,8.748742567737821,0.8338182342258864,False
218,0.15184506033035727,0.6964824307014501,False
219,6.165827919455355,0.6485983083692556,True
220,7.117561469046644,0.09724292563242465,True
221,8.920274858769561,0.38310289154914323,False
222,0.8179715882916851,0.22775950153786095,True
223,4.85206411488095,0.8872648394626437,False
224,5.569435514172389,0.13346147093493443,True
225,4.9018262166237205,0.6216928996348438,False
226,8.301131836169697,0.5413807937571358,False
227,6.126275148012312,0.28711926168416746,True
228,8.278045297003425,0.03603381742856948,True
229,2.848391268418819,0.24653479421245073,False
230,2.700260275283366,0.16046764388760104,True
231,5.381430573892219,0.23804352363851355,False
232,1.4420741968812893,0.6611175115080995,False
233,5.629751739564396,0.3613056815897162,True
234,2.226588799852383,0.039615522579517726,True
235,4.658508900923333,0.4746679880301129,True
236,6.658955260461909,0.8980623572137351,False
237,6.436870506111229,0.5230063893232223,False
238,8.98166026195806,0.36218905893938935,False
239,5.841705012352813,0.005189627256445006,False
240,1.5719254685550519,0.32798800090807967,False
241,1.8032788974707463,0.9257021517101628,True
242,4.298818525887745,0.2839999767621011,True
243,8.015875284601856,0.43260635709708606,False
244,4.108679021363898,0.3374773817642399,False
245,5.335022436089477,0.3545060537517365,False
246,3.0905255591182446,0.5910269008704913,False
247,3.6249008370586537,0.03756505250392839,True
248,3.1670369657373834,0.7214066679599525,False
249,6.048369514327383,0.2666968776004438,True
250,8.008142908009862,0.7645619743577086,True
251,2.450064249481883,0.08205774536494592,False
252,0.5637240275382879,0.24190170420148482,True
253,2.345658002033579,0.8710825724384453,True
254,8.628668307509336,0.11732048038481102,False
255,5.250637690031919,0.9364681001409744,True
256,7.6333534231228635,0.9358320802167885,True
257,8.02620868830543,0.7809311328853308,True
258,1.3302780902754514,0.6849344386835594,True
259,8.08883628814342,0.008931265005901357,False
260,4.479992170428076,0.5810819296720631,False
261,0.8690659070106486,0.9849333082108261,True
262,0.526814300120029,0.4706209039180729,True
263,4.317784831773705,0.5083903892335468,False
264,3.8133571810992555,0.8571249175045673,True
265,4.35335815281621,0.45825901183331563,True
266,3.5983092600839766,0.6713834786701531,False
267,7.710797223626835,0.39966737210144765,True
268,3.5924503072929577,0.43176012765431926,True
269,5.954465595114079,0.6253582002401853,False
270,5.880790450022732,0.7263424644178352,False
271,2.845979876773759,0.833315807618466,True
272,3.6483622456370046,0.3210429900432169,False
273,5.054195527995289,0.399660014434043,True
274,5.4567731974057665,0.7032174964672158,True
275,0.266713363172711,0.8892873160786788,False
276,7.804504431946793,0.029190234848913255,False
277,8.43496942995632,0.9583073595477928,False
278,3.285898893540088,0.19056691494006806,True
279,7.635061350936803,0.7706744957177106,True
280,3.3589436017031473,0.22286381801498023,True
281,4.835511228202271,0.2745750488444898,False
282,0.9001265482939966,0.26503969836448205,False
283,4.62383759461674,0.22265793276038892,False
284,1.459082346379499,0.559682405823448,False
285,7.964567036238954,0.8972770732147163,False
286,1.7963652790810292,0.43298420628118073,False
287,2.715232194550057,0.07041083113461433,False
288,6.759194839707586,0.9272118073731179,True
289,3.151865348676008,0.09561988258785592,True
290,7.905352458419946,0.6907847761565296,True
291,8.262827559065386,0.5796808925609634,True
292,4.509568555512769,0.37638915519435123,True
293,4.959712336571071,0.13190324974037926,True
294,6.13565950562425,0.2773402713052435,True
295,7.666683294299413,0.39554382979754565,False
296,0.4212571924096987,0.9707314427706328,False
297,5.480897527986911,0.5790112064247336,False
298,0.7323263896797477,0.8818965030968323,False
299,5.477339764665885,0.328378949371245,True
